Taylor Swift,48
P!nk,45
Elvis Presley,42
Ed Sheeran,40
Madonna,39
U2,39
The Beatles,39
The Rolling Stones,33
Queen,31
Bee Gees,30
Katy Perry,30
INXS,30
Elton John,28
Kylie Minogue,28
Black Eyed Peas,28
Britney Spears,27
Maroon 5,27
Powderfinger,27
Bon Jovi,27
Justin Bieber,27
Foo Fighters,25
Imagine Dragons,25
Rihanna,25
Kelly Clarkson,25
Lady Gaga,24
Jessica Mauboy,24
Adele,24
Eminem,23
Jason Derulo,23
Shawn Mendes,22
Guy Sebastian,22
One Direction,22
Bruno Mars,22
Ariana Grande,21
John Farnham,21
Michael Jackson,21
Coldplay,21
Dua Lipa,20
ABBA,20
George Michael,20
Sam Smith,19
Miley Cyrus,19
OneRepublic,19
Cold Chisel,19
Mariah Carey,19
Green Day,19
Roy Orbison,19
Red Hot Chili Peppers,18
The Script,17
Matchbox Twenty,17
The Police,17
Alicia Keys,17
Crowded House,17
Avicii,17
Robbie Williams,17
Whitney Houston,16
Kesha,16
Olivia Newton-John,16
Silverchair,16
John Mayer,16
The Veronicas,16
5 Seconds of Summer,16
Fleetwood Mac,15
Stevie Wonder,15
Backstreet Boys,15
Prince,15
The Weeknd,15
Avril Lavigne,15
Billy Joel,15
Ellie Goulding,15
Vance Joy,15
Nickelback,15
Glee Cast,15
Metallica,15
Midnight Oil,15
Phil Collins,15
John Mellencamp,14
The Beach Boys,14
James Arthur,14
Jimmy Barnes,14
Tom Petty and the Heartbreakers,14
The Offspring,14
Delta Goodrem,14
Ne-Yo,14
AC/DC,14
Janet Jackson,14
Good Charlotte,14
Little Mix,13
Dami Im,13
Sheppard,13
Beyoncé,13
Creedence Clearwater Revival,13
Justin Timberlake,13
The Hollies,13
Linkin Park,13
The Angels,13
Jennifer Lopez,13
Michael Bublé,13
Pearl Jam,13
Birds Of Tokyo,13
Cliff Richard,13
The Kinks,12
The Monkees,12
Sia,12
Olly Murs,12
Train,12
Mental As Anything,12
Meghan Trainor,12
The Who,12
Christina Aguilera,12
Jessie J,12
Roxette,12
Guns N' Roses,12
Rod Stewart,12
Céline Dion,12
Shannon Noll,12
blink-182,12
Spice Girls,12
Wings,11
Selena Gomez,11
Bryan Adams,11
Neil Diamond,11
Charlie Puth,11
Sherbet,11
The Presets,11
Savage Garden,11
Rogue Traders,11
Rita Ora,11
Duran Duran,11
Paramore,11
Nicki Minaj,11
Kings of Leon,11
The Living End,11
Human Nature,11
Panic! At The Disco,11
The Cars,11
Suzi Quatro,10
Brenda Lee,10
The Easybeats,10
Blondie,10
Dean Lewis,10
"Eurythmics, Annie Lennox, Dave Stewart",10
Bastille,10
Simon & Garfunkel,10
Harry Styles,10
Destiny's Child,10
Shania Twain,10
Herman's Hermits,10
Billie Eilish,10
Men At Work,10
David Bowie,10
Florence + The Machine,10
Dire Straits,10
John Paul Young,10
Electric Light Orchestra,10
Jet,10
Tina Arena,10
Carpenters,10
Foreigner,9
Belinda Carlisle,9
Birdy,9
Craig David,9
Petula Clark,9
Calvin Harris,9
Stan Walker,9
Live,9
Cher,9
Skyhooks,9
Cyndi Lauper,9
Wham!,9
Led Zeppelin,9
Leo Sayer,9
Tom Jones,9
Aerosmith,9
Amy Shark,9
The Potbelleez,9
No Doubt,9
Salt-N-Pepa,9
Ava Max,9
Thirsty Merc,9
Usher,9
R.E.M.,9
Eagles,9
Lily Allen,9
Rob Thomas,9
Sweet,9
Troye Sivan,8
KC & The Sunshine Band,8
Yusuf / Cat Stevens,8
Dr. Hook,8
Toni Braxton,8
Samantha Jade,8
Billy Thorpe & The Aztecs,8
Evermore,8
Alanis Morissette,8
Culture Club,8
Billy Idol,8
Jonas Brothers,8
Daryl Braithwaite,8
Cheap Trick,8
Creed,8
The Pointer Sisters,8
Leona Lewis,8
Tommy Roe,8
Tones And I,8
Lionel Richie,8
Justice Crew,8
Lady A,8
The Killers,8
Sam Cooke,8
Grinspoon,8
Faith No More,8
Niall Horan,8
The Pussycat Dolls,8
Sneaky Sound System,8
Fall Out Boy,8
Vanessa Amorosi,8
ICEHOUSE,8
Nirvana,8
The Supremes,8
Flo Rida,8
Nelly,8
Bruce Springsteen,8
Frankie Valli & The Four Seasons,8
Garbage,8
James Blunt,8
Muse,8
Van Halen,8
Taxiride,7
The Mamas & The Papas,7
Johnny Cash,7
Pet Shop Boys,7
Bonnie Tyler,7
Boyz II Men,7
Killing Heidi,7
Kool & The Gang,7
Lizzo,7
Eskimo Joe,7
Ricki-Lee,7
George Ezra,7
Connie Francis,7
Lenny Kravitz,7
"John Travolta, Olivia Newton-John",7
Hunters & Collectors,7
Halsey,7
Gyroscope,7
Bob Dylan,7
Empire of the Sun,7
Journey,7
Plain White T's,7
Steve Miller Band,7
Zara Larsson,7
Example,7
Five For Fighting,7
*NSYNC,7
Split Enz,7
Bay City Rollers,7
Olivia Rodrigo,7
Evanescence,7
Aqua,7
Fatboy Slim,7
Years & Years,7
Take That,7
Dragon,7
The Everly Brothers,7
MGMT,7
Missy Higgins,7
MIKA,7
Oasis,7
Dido,7
The Corrs,7
PNAU,7
Nelly Furtado,7
Normie Rowe,7
Hilltop Hoods,7
Chris Brown,7
Foster The People,7
Dion,7
The Temper Trap,7
The Shirelles,7
Post Malone,7
Lewis Capaldi,7
3 Doors Down,6
Nathaniel,6
Manfred Mann,6
Smash Mouth,6
Aretha Franklin,6
The Fray,6
Havana Brown,6
Boom Crash Opera,6
Timomatic,6
Tears For Fears,6
David Guetta,6
Shakira,6
Air Supply,6
Lorde,6
Pink Floyd,6
Alex Lloyd,6
Donna Summer,6
Bobby Darin,6
Jess Glynne,6
Donovan,6
KISS,6
Akon,6
Hot Chocolate,6
Kisschasy,6
Slade,6
Daryl Hall & John Oates,6
Conrad Sewell,6
Outkast,6
Australian Crawl,6
Billy Ocean,6
TLC,6
Real McCoy,6
Boston,6
Mario,6
George Harrison,6
Tina Turner,6
"Buddy Holly, The Crickets",6
Glen Campbell,6
The Doors,6
Diesel,6
Eric Burdon & the Animals,6
Bobby Rydell,6
The Vamps,6
Gene Pitney,6
Ronan Keating,6
Natalie Imbruglia,6
Ricky Nelson,6
Helen Reddy,6
Groove Armada,6
Marcia Hines,6
Lynyrd Skynyrd,6
Spiderbait,6
James Bay,6
2 Unlimited,6
Ace of Base,6
The Drifters,6
Pseudo Echo,6
Kanye West,6
The Ting Tings,6
John Butler Trio,6
Moby,6
Cut Copy,6
Russell Morris,6
Anne-Marie,6
Keith Urban,6
Bette Midler,6
Thirty Seconds To Mars,6
The KLF,5
T. Rex,5
Sugababes,5
"David Guetta, Sia",5
Kim Wilde,5
Pendulum,5
The B-52's,5
"Peter, Paul and Mary",5
Nick Jonas,5
ZAYN,5
Peter And Gordon,5
Ricky Martin,5
Starship,5
Frankie Valli,5
Natalie Bassingthwaighte,5
Flowers,5
Simple Plan,5
Charli XCX,5
The Rubens,5
Marques Houston,5
Westlife,5
Demi Lovato,5
Michael Bolton,5
Tracy Chapman,5
Christina Perri,5
Richard Marx,5
Boyzone,5
The Cranberries,5
New Kids On The Block,5
Divinyls,5
Al Martino,5
Jessica Simpson,5
La Roux,5
Jason Mraz,5
Kenny Loggins,5
Why Don't We,5
Arrested Development,5
Drake,5
Dusty Springfield,5
Tom Petty,5
The Jackson 5,5
Daft Punk,5
Short Stack,5
John Denver,5
Radiohead,5
Labrinth,5
Sheryl Crow,5
The Goo Goo Dolls,5
Chicago,5
Heart,5
Hanson,5
Franz Ferdinand,5
Tone-Loc,5
Jimmy Eat World,5
Aloe Blacc,5
Adam Lambert,5
Chubby Checker,5
James Reyne,5
Snow Patrol,5
Amy Meredith,5
Ben Lee,5
Kaiser Chiefs,5
Andy Grammer,5
The Wombats,5
All Saints,5
Rick Astley,5
The Master's Apprentices,5
Lifehouse,5
Khalid,5
3OH!3,5
Phoenix,5
Conor Maynard,5
John Lennon,5
Reece Mastin,5
LeAnn Rimes,5
Bachman-Turner Overdrive,5
The Darkness,5
Chris Isaak,5
Eric Clapton,5
Parachute,5
The Dave Clark Five,5
Laura Branigan,5
Pete Murray,5
Ray Stevens,5
Zoë Badwi,5
Bananarama,5
Jordin Sparks,5
"The Weeknd, Daft Punk",5
Barry Manilow,5
Gary Puckett & The Union Gap,5
UB40,5
Village People,5
Gary Glitter,5
Bobby Vinton,5
The New Seekers,5
Hoobastank,5
Neil Sedaka,5
50 Cent,5
Gerry & The Pacemakers,5
Hozier,5
Anastacia,5
The Seekers,5
Twenty One Pilots,5
MKTO,5
Kelis,5
Don McLean,5
Smokie,5
Ray Charles,5
BROODS,5
Steps,5
Boney M.,5
Bernard Fanning,5
Pitbull,4
Kasey Chambers,4
Vanessa Williams,4
Spandau Ballet,4
Ted Mulry Gang,4
Bryan Ferry,4
"Ja Rule, Ashanti",4
The Human League,4
The Chemical Brothers,4
Jackie Wilson,4
RÜFÜS DU SOL,4
Lil Nas X,4
John Williamson,4
The 1975,4
The Cure,4
The Righteous Brothers,4
Peter Allen,4
Alice Cooper,4
Ray Parker Jr.,4
Eric Carmen,4
No Mercy,4
Robert Palmer,4
1927,4
San Cisco,4
Kasabian,4
Daddy Cool,4
Alan Walker,4
"Blood, Sweat & Tears",4
Calum Scott,4
Paloma Faith,4
The Screaming Jets,4
Frank Sinatra,4
New Order,4
Meat Loaf,4
Baby Animals,4
The All-American Rejects,4
Peter Andre,4
Bazzi,4
Shakin' Stevens,4
Gary U.S. Bonds,4
Martika,4
Gorillaz,4
Sophie B. Hawkins,4
Nancy Sinatra,4
Enrique Iglesias,4
The Bangles,4
Gwen Stefani,4
Jimi Hendrix,4
Busby Marou,4
Gilbert O'Sullivan,4
Little River Band,4
Children Collide,4
"Iggy Azalea, Charli XCX",4
Tonic,4
Cutting Crew,4
Will Smith,4
Ashlee Simpson,4
DNCE,4
Alessia Cara,4
Hilary Duff,4
Cascada,4
Cliff Richard & The Shadows,4
MAGIC!,4
Barbra Streisand,4
Brook Benton,4
Jack Johnson,4
Bobby Brown,4
Morgan Evans,4
Johnny Ruffo,4
Johnny Young & Kompany,4
Bad Company,4
Noiseworks,4
"OMI, Felix Jaehn",4
Blur,4
Counting Crows,4
Ol' 55,4
Badfinger,4
Ugly Kid Joe,4
David Essex,4
Bag Raiders,4
Taio Cruz,4
Tiësto,4
East 17,4
Eiffel 65,4
Hurts,4
The Doobie Brothers,4
Angus & Julia Stone,4
Engelbert Humperdinck,4
SNAP!,4
The Cat Empire,4
Rachel Platten,4
The Black Sorrows,4
Conan Gray,4
The Searchers,4
10cc,4
Doja Cat,4
The Chainsmokers,4
Steppenwolf,4
The Clash,4
"Maroon 5, Wiz Khalifa",4
Vampire Weekend,4
Bebe Rexha,4
Ringo Starr,4
The Yardbirds,4
La Bouche,4
Pat Benatar,4
Lesley Gore,4
Peking Duk,4
Johnny Diesel & The Injectors,4
Milky Chance,4
Passion Pit,4
Bread,4
Johnny O'Keefe,4
Whitesnake,4
Bardot,4
Mondo Rock,4
Operator Please,4
Grand Funk Railroad,4
Commodores,4
WALK THE MOON,4
Steely Dan,4
Passenger,4
Pretenders,4
Fine Young Cannibals,4
Vengaboys,4
Taylor Dayne,4
Captain & Tennille,4
Back In Black,4
1910 Fruitgum Company,4
Bobby Vee,4
Models,4
Paul Anka,4
Hinder,4
Stevie Wright,4
Art vs Science,4
The Smashing Pumpkins,4
The Cardigans,4
Dean Martin,4
Paul Kelly,4
Ray Brown And The Whispers,4
Van Morrison,4
Dolly Parton,4
Sam Hunt,4
Bachelor Girl,4
Five,4
Madison Avenue,4
Jewel,4
Conway Twitty,4
Arctic Monkeys,4
Milli Vanilli,4
Steve Lawrence,4
"Shawn Mendes, Camila Cabello",4
P.J. Proby,4
"Clean Bandit, Jess Glynne",4
"Run–D.M.C., Jason Nevins",3
Tina Charles,3
Amy Winehouse,3
Timbaland,3
"Gotye, Kimbra",3
Madness,3
P.M. Dawn,3
Tate McRae,3
Mandy Moore,3
Dannii Minogue,3
Bros,3
"Wiz Khalifa, Charlie Puth",3
Colbie Caillat,3
Paul McCartney,3
JX,3
Sarah Blasko,3
Montell Jordan,3
Nitty Gritty Dirt Band,3
Wynter Gordon,3
Daniel Powter,3
Nat King Cole,3
Mýa,3
"Major Lazer, MØ, DJ Snake",3
"Elton John, Kiki Dee",3
The 5th Dimension,3
En Vogue,3
The Shadows,3
Phillip Phillips,3
Stone Temple Pilots,3
Oliver,3
"Eve, Gwen Stefani",3
Eddie Money,3
"Nelly, Kelly Rowland",3
Brian Cadd,3
Gin Blossoms,3
Betty Who,3
Travis,3
Jay & The Americans,3
Culture Beat,3
Sofi Tukker,3
Kate Bush,3
Kim Cesarion,3
Selwyn,3
Ou Est Le Swimming Pool,3
Kenny Rogers & The First Edition,3
"360, Gossling",3
Racey,3
Weezer,3
The White Stripes,3
The Loved Ones,3
Johnny Tillotson,3
Daughtry,3
Underworld,3
Crash Test Dummies,3
Ram Jam,3
Ciara,3
"Bill Medley, Jennifer Warnes",3
The Reels,3
Adam & The Ants,3
Sheena Easton,3
The Crystals,3
Irene Cara,3
S Club 7,3
"Disclosure, Sam Smith",3
Jason Donovan,3
Tony Christie,3
Jenny Morris,3
M.I.A.,3
B*Witched,3
Ruby Velle & The Soulphonics,3
The Sundance Kids,3
Billie Piper,3
Mabel,3
Wa Wa Nee,3
Hot Chelle Rae,3
Daniel Bedingfield,3
Donny Osmond,3
fun.,3
"Pitbull, Kesha",3
AJR,3
Sugar Ray,3
Norah Jones,3
Fergie,3
The J. Geils Band,3
The Cowsills,3
GATC,3
"Jessie J, B.o.B",3
GABRIELLE,3
I'm Talking,3
Holly Valance,3
Regurgitator,3
Joe Dolan,3
Gavin DeGraw,3
Wang Chung,3
D:Ream,3
The Verve,3
Bluejuice,3
Redfoo,3
Hailee Steinfeld,3
Sabrina Carpenter,3
LANY,3
Diana Ross,3
Gym Class Heroes,3
Little Birdy,3
Three Dog Night,3
Limp Bizkit,3
Jona Lewie,3
End Of Fashion,3
Collective Soul,3
James Morrison,3
Yothu Yindi,3
"Earth, Wind & Fire, The Emotions",3
Karmin,3
Melissa Etheridge,3
"Counting Crows, Vanessa Carlton",3
Roberta Flack,3
New Vaudeville Band,3
Bush,3
Hole,3
Eurogliders,3
Matt Monro,3
Scorpions,3
Mis-Teeq,3
Depeche Mode,3
White Lies,3
David Soul,3
Simply Red,3
Andy Williams,3
G.R.L.,3
Robyn,3
Mike Posner,3
Faker,3
Bloodhound Gang,3
TOTO,3
The Outfield,3
The Presidents Of The United States Of America,3
Hootie & The Blowfish,3
David Cassidy,3
The Wanted,3
Camila Cabello,3
Galantis,3
Beastie Boys,3
"Logic, Alessia Cara, Khalid",3
Bob Marley & The Wailers,3
Del Shannon with Orchestra,3
The Beautiful Girls,3
Gabriella Cilmi,3
"Lady Gaga, Bradley Cooper",3
"C & C Music Factory, Freedom Williams",3
"Sia, Kendrick Lamar",3
The Kid LAROI,3
Pat Boone,3
"Yolanda Be Cool, DCup",3
The Dandy Warhols,3
Jennifer Love Hewitt,3
Chiddy Bang,3
Blue Öyster Cult,3
Scouting For Girls,3
The Archies,3
Gossip,3
"Eminem, Ed Sheeran",3
Sananda Maitreya,3
Martha Reeves & The Vandellas,3
Lauv,3
Dee Dee Sharp,3
"Luis Fonsi, Daddy Yankee, Justin Bieber",3
Paul Simon,3
My Chemical Romance,3
ZZ Top,3
"Internet Money, Gunna, Don Toliver, NAV",3
Cassie Davis,3
Duck Sauce,3
Small Faces,3
Marvin Gaye,3
Carly Simon,3
Men Without Hats,3
Genesis,3
Jesse McCartney,3
Sandy Posey,3
"Dawn, Tony Orlando",3
Newton Faulkner,3
KT Tunstall,3
"LMFAO, Lauren Bennett, GoonRock",3
"David Cassidy, The Partridge Family",3
Mike Oldfield,3
American Authors,3
Toploader,3
Simple Minds,3
Poison,3
Vanilla Ice,3
The Church,3
James Taylor,3
Def Leppard,3
"Post Malone, Quavo",3
Sue Thompson,3
Mumford & Sons,3
Status Quo,3
"Warren G, Nate Dogg",3
Des'ree,3
The Orlons,3
The Guess Who,3
Joe Cocker,3
Cream,3
Childish Gambino,3
38 Special,3
Monifah,3
"Rudimental, Ed Sheeran",3
Talking Heads,3
"Eminem, Rihanna",3
Third Eye Blind,3
"JAY-Z, Alicia Keys",3
"Sam Smith, John Legend",3
Lisa Mitchell,3
"Calvin Harris, Ellie Goulding",3
The Miracles,3
The Proclaimers,3
Wet Wet Wet,3
Sly & The Family Stone,3
The Collective,3
Color Me Badd,3
Eagle-Eye Cherry,3
Styx,3
Bob Seger,3
Ladyhawke,3
Toni Childs,3
Dave Edmunds,3
Golden Earring,3
Swanee,3
4 Non Blondes,3
J.J. Cale,3
Mary Wells,3
Crazy Frog,3
Samantha Mumba,3
R. Kelly,3
NF,3
Booker T. & the M.G.'s,3
"Usher, will.i.am",3
Kenny Rogers,3
Natalie Cole,3
AWOLNATION,3
JoJo,3
Dionne Warwick,3
Shaggy,3
Placebo,3
Kevin Johnson,3
Stacie Orrico,3
Jamiroquai,3
Go West,3
Corona,3
The Foundations,3
"Post Malone, Swae Lee",3
Gloria Estefan,3
"Beyoncé, JAY-Z",3
Fastball,3
The Naked And Famous,3
The Hooters,3
Frankie Goes To Hollywood,3
Sophie Ellis-Bextor,3
Jamelia,3
Brian Hyland,3
Huey Lewis & The News,3
Londonbeat,3
Zac Brown Band,3
Sisqo,3
Lobo,3
Iggy Pop,3
Black Box,3
D12,3
Nico & Vinz,3
Luke Combs,3
The Waifs,3
Lukas Graham,3
Tamia,3
"Lionel Richie, Diana Ross",3
Sonny & Cher,3
Thin Lizzy,3
Wolfmother,3
CeeLo Green,3
"Flume, kai",3
New Radicals,3
Nik Kershaw,3
Michelle Branch,3
Yeasayer,3
Brandy,3
Soundgarden,3
"Felix Jaehn, Jasmine Thompson",3
Vanessa Carlton,3
Traveling Wilburys,3
Kids In The Kitchen,3
Andy Gibb,3
BTS,3
"Ja Rule, Case",3
Hey Monday,2
Deni Hines,2
"Conor Maynard, Ne-Yo",2
Sean Paul,2
"Swedish House Mafia, John Martin",2
"Zedd, Alessia Cara",2
"Justin Bieber, Big Sean",2
Youth Group,2
Carole King,2
"Travie McCoy, Bruno Mars",2
Spin Doctors,2
"Stafford Brothers, Lil Wayne, Christina Milian",2
Taylor Henderson,2
Nitty,2
Neil Young,2
"Heavy D & The Boyz, Aaron Hall",2
Monica,2
Roxy Music,2
"Ariana Grande, Iggy Azalea",2
Bobby Lewis,2
Soul Asylum,2
"Melanie C, Lisa ""Left Eye"" Lopes",2
Kelly Rowland,2
"Martin Solveig, Dragonette",2
B.J. Thomas,2
Travis Scott,2
The Edgar Winter Group,2
Jasmine Thompson,2
The Belle Stars,2
"Usher, Lil Jon, Ludacris",2
Anita Bryant,2
Mike + The Mechanics,2
"will.i.am, Justin Bieber",2
Tokyo Ghetto Pussy,2
Judy Collins,2
Normie Rowe & The Playboys,2
Faron Young,2
Joan Jett & the Blackhearts,2
Kate Miller-Heidke,2
Canned Heat,2
Rocky Burnette,2
Erasure,2
House Of Pain,2
Los Del Rio,2
Korn,2
Ella Henderson,2
Marcy Playground,2
PSY,2
Caramel Blue,2
Darude,2
The Temptations,2
Inner Circle,2
The Zombies,2
"Busta Rhymes, Mariah Carey, Flipmode Squad",2
Lindsay Lohan,2
Julia Michaels,2
"Frank Sinatra, Count Basie",2
"Noah Kahan, Julia Michaels",2
David Lee Roth,2
"Gym Class Heroes, Neon Hitch",2
Barry White,2
The Madden Brothers,2
Jamie Lawson,2
"Nancy Sinatra, Lee Hazlewood",2
The Fortunes,2
"Lady Gaga, Colby O'Donis",2
Joe,2
Kate Nash,2
The Stranglers,2
"2Pac, The Notorious B.I.G.",2
Idina Menzel,2
"Wretch 32, Example",2
Ms. Lauryn Hill,2
T.I.,2
Mashd N Kutcher,2
Atomic Kitten,2
Josh Pyke,2
Hockey,2
CAKE,2
"Kanye West, Jamie Foxx",2
Floyd Cramer,2
A Flock Of Seagulls,2
Cilla Black,2
Of Monsters and Men,2
Merril Bainbridge,2
Liv Maessen,2
Yazoo,2
Hoodoo Gurus,2
Everlast,2
"Hailee Steinfeld, Alesso, Florida Georgia Line, WATT",2
Flash and the Pan,2
Seether,2
"B.o.B, Hayley Williams",2
Rick James,2
"Camille Jones, Fedde Le Grand",2
Redgum,2
Eruption,2
Del Amitri,2
Metro Station,2
"Jawsh 685, Jason Derulo",2
Liberty X,2
Mary J. Blige,2
Eliza Doolittle,2
Tommy Tutone,2
"The Pussycat Dolls, Snoop Dogg",2
Falco,2
Rixton,2
Tina Cousins,2
Incubus,2
LEN,2
Masked Wolf,2
Brian McFadden,2
Stevie Nicks,2
Louis Armstrong,2
LCD Soundsystem,2
David Dundas,2
Jimmy Soul,2
"Mark Ronson, Bruno Mars",2
"Marvin Gaye, Tammi Terrell",2
Buddy Holly,2
"Christina Aguilera, Lil' Kim, Mýa, P!nk",2
Chris Andrews,2
Ned Miller,2
Australia's Own Jigsaw,2
"Billy J. Kramer, The Dakotas",2
Jon English,2
The Mighty Mighty Bosstones,2
Mötley Crüe,2
Sting,2
Damien Leith,2
"360, PEZ",2
"Ciara, Missy Elliott",2
Herb Alpert & The Tijuana Brass,2
Sinéad O'Connor,2
"Gloria Estefan, Miami Sound Machine",2
Kulcha,2
"Five, Steve Mac",2
"Ariana Grande, Zedd",2
Eddie Hodges,2
Starsailor,2
S.O.A.P.,2
"Nelly, City Spud",2
Peaches & Herb,2
"Armin van Buuren, Trevor Guthrie",2
"SAYGRACE, G-Eazy",2
"Groove Armada, Gram'ma Funk",2
Alesso,2
Neon Trees,2
"Tiësto, Tate McRae",2
Del Shannon,2
"T.I., Rihanna",2
"Groove Armada, Gramma Funk",2
"Selena Gomez, Marshmello",2
The Black Keys,2
"Maroon 5, SZA",2
The Whitlams,2
Sammy Davis Jr.,2
"BENEE, Gus Dapperton",2
Tiga,2
Amy Grant,2
Angry Anderson,2
Cyrus Villanueva,2
"Khalid, Disclosure",2
Faith Hill,2
Don Henley,2
Geri Halliwell,2
"Flo Rida, Kesha",2
"fun., Janelle Monáe",2
Shaun Cassidy,2
Bronski Beat,2
Ian Moss,2
The Moody Blues,2
Burl Ives,2
"Estelle, Kanye West",2
The Aston Shuffle,2
"Pitbull, Christina Aguilera",2
Michael Sembello,2
"Salt-N-Pepa, En Vogue",2
"Calvin Harris, Rihanna",2
"Bliss n Eso, Gavin James",2
John Newman,2
Donna Fargo,2
"No Doubt, Bounty Killer",2
Cathy Dennis,2
Bucks Fizz,2
The Mixtures,2
GANGgajang,2
"Tiësto, Dzeko, Preme, Post Malone",2
"Taio Cruz, Flo Rida",2
Uncle Kracker,2
Semisonic,2
Big Audio Dynamite,2
John Rowles,2
"50 Cent, Olivia",2
Brando,2
Marv Johnson,2
"Jason Derulo, 2 Chainz",2
Freestylers,2
Lost Frequencies,2
The Rembrandts,2
Zhané,2
Slim Dusty,2
Anthony Callea,2
Edison Lighthouse,2
Blu Cantrell,2
Broken Bells,2
MC Hammer,2
Young Divas,2
Fischer-Z,2
Peter Gabriel,2
Sister Hazel,2
Daniel Boone,2
Sounds Incorporated,2
Jarryd James,2
Vera Blue,2
"Kid Cudi, Crookers",2
Alexis Jordan,2
Texas,2
Dick & Dee Dee,2
"Youssou N'Dour, Neneh Cherry",2
"Maroon 5, Kendrick Lamar",2
Emeli Sandé,2
DEVO,2
The Irish Rovers,2
Aston Merrygold ,2
Leif Garrett,2
"Hailee Steinfeld, Grey, Zedd",2
Eamon,2
Skeeter Davis,2
Seal,2
"SUPER-Hi, NEEKA",2
"R. City, Adam Levine",2
Ohio Express,2
The Turtles,2
Matt B,2
The Royal Guardsmen,2
Naughty By Nature,2
Pete Townshend,2
"Jay Sean, Lil Wayne",2
Perry Como,2
"Rihanna, Drake",2
Yazz,2
The McCoys,2
"Pitbull, Chris Brown",2
Jump Jump Dance Dance,2
Freddy Cannon,2
"James Bay, Julia Michaels",2
"Love, Marco",2
Iyaz,2
James Brown,2
Enigma,2
Soft Cell,2
"ZAYN, Taylor Swift",2
Patti LaBelle,2
Glass Animals,2
Charlie Rich,2
Chris de Burgh,2
"Seether, Amy Lee",2
Mr. Big,2
"Lloyd, André 3000, Lil Wayne",2
Natasha Bedingfield,2
Paper Lace,2
Marvin Priest,2
Marty Rhone,2
Ben Folds,2
"Illy, Vera Blue",2
"Timbaland, Justin Timberlake, Nelly Furtado",2
Aleesha Rome,2
Billy Field,2
Ini Kamoze,2
"Santana, Rob Thomas",2
"Avicii, Nicky Romero",2
Kendrick Lamar,2
Debbie Harry,2
Quiet Riot,2
Ronnie Burns,2
"Cardi B, Megan Thee Stallion",2
Illy,2
Gnarls Barkley,2
"Liam Payne, Rita Ora",2
Röyksopp,2
Bobbie Gentry,2
Christine Anu,2
EMF,2
Jack Harlow,2
Bobby Bare,2
Midnight Juggernauts,2
Kids Of 88,2
REO Speedwagon,2
Michael Paynter,2
Finger Eleven,2
"24kGoldn, iann dior",2
Matt Corby,2
Mr. Mister,2
Free,2
Sam Sparro,2
Womack & Womack,2
alt-J,2
"Zedd, Foxes",2
The Jacksons,2
Baauer,2
"Jonas Blue, Dakota",2
360,2
HAIM,2
Rose Royce,2
Amy Pearson,2
"Jordin Sparks, Chris Brown",2
"Pitbull, Ne-Yo",2
"Post Malone, 21 Savage",2
Kate DeAraugo,2
Alexandra Stan,2
Deee-Lite,2
Meg Mac,2
The Four Preps,2
The Serendipity Singers,2
Diana King,2
Sister Sledge,2
Lou Christie,2
"Jessie J, Ariana Grande, Nicki Minaj",2
Adam Wade,2
The Outhere Brothers,2
The Bachelors,2
CHIC,2
"Shaggy, Rik Rok",2
Feargal Sharkey,2
"Fugees, Ms. Lauryn Hill, Wyclef Jean, Pras",2
Martin Garrix,2
"The Chainsmokers, Daya",2
The Calling,2
Middle Of The Road,2
Kodaline,2
Rosa Linn,2
Blake Shelton,2
"Blackstreet, Dr. Dre, Queen Pen",2
Owl City,2
Haddaway,2
The Chiffons,2
"Far East Movement, Cover Drive",2
Fifth Harmony,2
"2Pac, Roger, Dr. Dre",2
"Maroon 5, Megan Thee Stallion",2
The Box Tops,2
Tori Kelly,2
"Dave Dobbyn, Herbs",2
The Vapors,2
Fats Domino,2
LMFAO,2
Lauren Spencer Smith,2
Architecture In Helsinki,2
Manfred Mann's Earth Band,2
Sinitta,2
"Ray Parker Jr., Raydio",2
Nicki French,2
"will.i.am, Britney Spears",2
The Partridge Family,2
Julian Lennon,2
Lupe Fiasco,2
Matthew Wilder,2
Ben E. King,2
Shirley Bassey,2
Linda George,2
All-4-One,2
The Style Council,2
Chynna Phillips,2
"Snoop Dogg, Wiz Khalifa, Bruno Mars",2
The Superjesus,2
Twisted Sister,2
Gabrielle Aplin,2
Chuck Berry,2
Puddle Of Mudd,2
"Sam Feldt, RANI",2
Chantoozies,2
"Ed Sheeran & Justin Bieber, Justin Bieber",2
"Coolio, L.V.",2
Rizzle Kicks,2
"Cheat Codes, Kris Kross Amsterdam",2
"Jay Sean, Pitbull",2
Mary Hopkin,2
Kelly Marie,2
Robbie Nevil,2
"Elvis Presley, The Jordanaires",2
"Keith Urban, Carrie Underwood",2
Maisie Peters,2
"Mariah Carey, Boyz II Men",2
"David Guetta, Usher",2
"The Communards, Sarah Jane Morris",2
Alex Party,2
"Maroon 5, Rihanna",2
Rupert Holmes,2
The Lumineers,2
"David Guetta, Showtek, VASSY",2
The Wallflowers,2
Melissa Tkautz,2
Lieutenant Pigeon,2
"Sam Brown, Pete Brown",2
Sash!,2
Armand Van Helden,2
Ray Peterson,2
"George Michael, Aretha Franklin",2
Carly Rae Jepsen,2
"Blue Swede, Björn Skifs",2
The Spencer Davis Group,2
Freddy Fender,2
"Zac Efron, Zendaya",2
Wesley Dean,2
"Justin Bieber, Ludacris",2
Lou Reed,2
Coolio,2
The Chicks,2
Sonique,2
Norman Greenbaum,2
Joshua Kadison,2
The Greg Kihn Band,2
Club Nouveau,2
The Troggs,2
Wheatus,2
"Rudimental, John Newman",2
Baha Men,2
DJ Jazzy Jeff & The Fresh Prince,2
Mungo Jerry,2
"Mariah Carey, Miguel",2
Survivor,2
X Ambassadors,2
Brian McKnight,2
"Jennifer Lopez, Pitbull",2
Gloria Gaynor,2
Joel Corry,2
"The Tamperer, Maya",2
"Jennifer Lopez, Jadakiss, Styles P",2
Skid Row,2
"Zedd, Maren Morris, Grey",2
"Dua Lipa, DaBaby",2
Peter Sarstedt,2
Keane,2
Whigfield,2
Little Boots,2
Wendy Matthews,2
The Black Crowes,2
Rag'n'Bone Man,2
Amerie,2
Groove Coverage,2
"The Notorious B.I.G., Mase, Diddy",2
Willie Nelson,2
Vitamin C,2
"DJ Khaled, Justin Bieber, Quavo, Chance the Rapper, Lil Wayne",2
Amii Stewart,2
The Trashmen,2
Pharrell Williams,2
Ruel,2
Robert Miles,2
Janis Ian,2
Machinations,2
"David Guetta, Anne-Marie, Coi Leray",2
Sheila E.,2
Cassette Kids,2
Pilot,2
"Will Smith, Dru Hill, Kool Moe Dee",2
Chet Faker,2
Jack Scott,2
Kate Ceberano,2
Tim & Jean,2
"Bruno Mars, Anderson .Paak, Silk Sonic",2
"Katy Perry, Snoop Dogg",2
Morgan Wallen,2
Night Ranger,2
"Christina Aguilera, Redman",2
"Robin Schulz, Ilsey",2
Deadstar,2
Jo Jo Zep and The Falcons,2
"Ida Corr, Fedde Le Grand",2
Harry Nilsson,2
Henry Mancini,2
Otis Redding,2
Hush,2
Sigrid,2
Paula Abdul,2
Big Brovaz,2
"Doja Cat, SZA",2
"Imagine Dragons, JID, Arcane, League of Legends",2
Graham Bonnet,2
The Highwaymen,2
Lloyd Price,2
Blind Melon,2
The Buggles,2
Twenty 4 Seven,2
Frente!,2
"Camila Cabello, Young Thug",2
Alicia Bridges,2
"3OH!3, Kesha",2
"A.R. Rahman, The Pussycat Dolls, Nicole Scherzinger",2
Paul Young,2
Modjo,2
"Diddy - Dirty Money, Skylar Grey",2
BENEE,2
"Drake, Rihanna",2
Kosheen,2
"Clean Bandit, Julia Michaels",2
Slip-On Stereo,2
Rockmelons,2
City High,2
Etta James,2
Joe South,2
Two Door Cinema Club,2
"Macklemore & Ryan Lewis, Wanz",2
Parson James,2
Alannah Myles,2
The Bellamy Brothers,2
The Kooks,2
"Technotronic, Felly",2
"Guy Sebastian, Lupe Fiasco",2
3T,2
Young MC,2
"Kesha, 3OH!3",2
"Max Merritt, The Meteors",2
The Asteroids Galaxy Tour,2
Urban Cookie Collective,2
The Cherokees,2
MARINA,2
Mi-Sex,2
Stealers Wheel,2
"Keala Settle, The Greatest Showman Ensemble",2
Daya,2
Toni Pearen,2
The Go-Betweens,2
"Jax Jones, RAYE",2
Newton,2
"David Guetta, AFROJACK, Bebe Rexha, Nicki Minaj",2
Jazmine Sullivan,2
Robin Thicke,2
The Cruel Sea,2
Ratcat,2
98º,2
Paul Evans,2
"David Guetta, Sam Martin",2
The xx,2
Tom Walker,2
CoCo Lee,2
"DJ Snake, Bipolar Sunshine",2
"Jessica Mauboy, Flo Rida",2
Steve Perry,2
Blue Boy,2
Vicki Lawrence,2
"Lilly Wood and The Prick, Robin Schulz",2
Sixpence None The Richer,2
"Daft Punk, Pharrell Williams, Nile Rodgers",2
Juice Newton,2
Dexys Midnight Runners,2
Bobby Goldsboro,2
Blackfeather,2
"Gym Class Heroes, Adam Levine",2
"Justin Bieber, Nicki Minaj",2
Paul Mac,2
"Nick Jonas, Tove Lo",2
Loverboy,2
"Icona Pop, Charli XCX",2
"Lady Gaga, Ariana Grande",2
Sir Mix-A-Lot,2
Lighthouse Family,2
"T.I., Justin Timberlake",2
Ike & Tina Turner,2
"Kanye West, Lupe Fiasco",2
Tame Impala,2
Bob Sinclar,2
Jimmy Dean,2
Girlfriend,2
"Dave Dee, Dozy, Beaky, Mick & Tich",2
"Michael Nesmith, The First National Band",2
Joe Jackson,2
Transvision Vamp,2
Procol Harum,2
Portugal. The Man,2
Sara Bareilles,2
"Elvis Presley, JXL",2
Darren Hayes,2
ABC,2
"The Supermen Lovers, Mani Hoffman",2
Matt Flinders,2
The Babys,2
"Jason Derulo, Adam Levine, Maroon 5",2
Rascal Flatts,2
Rick Price,2
The Dovells,2
Al Green,2
MØ,2
"Ariana Grande, Nicki Minaj",2
Bill & Boyd,2
Boy & Bear,2
"Calum Scott, Leona Lewis",2
Four Tops,2
Hampton The Hampster,2
Blue,2
Stardust,2
Small Mercies,2
Klingande,2
Marty Robbins,2
Lee Kernaghan,2
Linda Scott,2
Ginuwine,2
"Kungs, Cookin' On 3 Burners",2
"A Great Big World, Christina Aguilera",2
"Keri Hilson, Kanye West, Ne-Yo",2
Crystal Waters,2
Mel & Kim,2
Alisha's Attic,2
"Rita Ora, David Guetta, Imanbek, Gunna",2
Gavin James,2
Bill Withers,2
Silver Convention,2
Jim Croce,2
"DVBBS, Borgeous, Tinie Tempah",2
"will.i.am, Cody Wise",2
The Getaway Plan,2
"D. Pritzker, Sonia Dada",2
Johnny Chester,2
"Zara Larsson, MNEK",2
Boz Scaggs,2
Jimmy Jones,2
The Animals,2
Klaxons,2
"Flume, Tove Lo",2
"Flo Rida, Sage The Gemini, Lookas",2
Bingo Players,2
Deep Blue Something,2
Yves Klein Blue,2
Maria McKee,2
Yvonne Elliman,2
Maxine Nightingale,2
Mac Davis,2
"Robin Schulz, David Guetta, Cheat Codes",2
"Clean Bandit, Demi Lovato",2
Dan Hartman,2
Linda Ronstadt,2
"Joel Corry, MNEK",2
"Regard, RAYE",2
"Deorro, Chris Brown",2
Marlisa,2
Tony Joe White,2
"TV Rock, Dukes of Windsor",2
Tight Fit,2
"Macklemore & Ryan Lewis, Macklemore, Ryan Lewis, Wanz",2
Filter,2
Lee Marvin,2
"Kygo, Selena Gomez",2
Sandie Shaw,2
"L D R U, Paige IV",2
"Earth, Wind & Fire",2
"David Guetta, Kid Cudi",2
Deep Purple,2
Mary Mary,2
Lou Bega,2
"Cardi B, Bad Bunny, J Balvin",2
"Selena Gomez, A$AP Rocky",2
LP,2
t.A.T.u.,2
Astrid S,2
Choirboys,2
George Baker Selection,2
Janis Joplin,2
"Chris Brown, Young Thug",2
ATB,2
Yellowcard,2
Matt Scullion,2
Berlin,2
Chocolate Starfish,2
"Rihanna, JAY-Z",2
Stacey Q,2
Bomfunk MC's,2
KIAN,2
Gary Moore,2
"Camila Cabello, Ed Sheeran",2
"Crosby, Stills & Nash",2
Sister2sister,2
The Last Goodnight,2
The Strokes,2
Starley,2
"Topic, A7S",2
Kaoma,2
Mike Curb Congregation,2
These Kids Wear Crowns,2
Highway to Hell,2
Neneh Cherry,2
"Shaggy, Rayvon",2
"Vanessa Amorosi, Seany B",2
Stereophonics,2
"Queen, David Bowie",2
Rage Against The Machine,2
Brotherhood of Man,2
John Legend,2
"Paul McCartney, Linda McCartney",2
Nicole Scherzinger,2
"JAY-Z, Rihanna, Kanye West",2
